Job Title,Company,Location,Salary,Link
Web Developer,Greet Labs,Bangalore/Bengaluru,Not disclosed,"=HYPERLINK(""https://www.naukri.com/job-listings-web-developer-greet-labs-bangalore-bengaluru-0-to-2-years-190523501352"")"
Web Developer,Lemon Peak Marketing Services,Chennai(Nungambakkam),Not disclosed,"=HYPERLINK(""https://www.naukri.com/job-listings-web-developer-lemon-peak-marketing-services-chennai-0-to-0-years-100323007109"")"
Web Developer,Asquare Infotech,Pune,Not disclosed,"=HYPERLINK(""https://www.naukri.com/job-listings-web-developer-asquare-infotech-pune-0-to-2-years-080523500535"")"
Web Developer,Digistart,Bangalore/Bengaluru,Not disclosed,"=HYPERLINK(""https://www.naukri.com/job-listings-web-developer-digistart-bangalore-bengaluru-1-to-2-years-200523005910"")"
Web Developers,AMS Digital,New Delhi,Not disclosed,"=HYPERLINK(""https://www.naukri.com/job-listings-web-developers-ams-digital-new-delhi-2-to-3-years-200523500764"")"
Web Developer,Erisha Agritech,"New Delhi, Delhi, Delhi / NCR",Not disclosed,"=HYPERLINK(""https://www.naukri.com/job-listings-web-developer-erisha-agritech-new-delhi-delhi-delhi-ncr-4-to-9-years-200523005134"")"
Web Developer,Golden Peakock Overseas,New Delhi(Okhla),Not disclosed,"=HYPERLINK(""https://www.naukri.com/job-listings-web-developer-golden-peakock-overseas-new-delhi-2-to-7-years-140423007765"")"
Web Developer,Notuno Infotech,Hybrid - Hyderabad/Secunderabad,Not disclosed,"=HYPERLINK(""https://www.naukri.com/job-listings-web-developer-notuno-infotech-hyderabad-secunderabad-4-to-9-years-150523003550"")"
Web Developer,Vertico Bpo,Hyderabad/Secunderabad,5-8 Lacs PA,"=HYPERLINK(""https://www.naukri.com/job-listings-web-developer-vertico-bpo-hyderabad-secunderabad-3-to-6-years-170523008134"")"
Web Developer,XS Infosol,Noida(Sector-2 Noida),Not disclosed,"=HYPERLINK(""https://www.naukri.com/job-listings-web-developer-xs-infosol-noida-1-to-2-years-150523006121"")"
Web Developer,WNS Holdings,"Gurgaon/Gurugram, Delhi / NCR, Gurgaon, Gurgaon, India",3-8 Lacs PA,"=HYPERLINK(""https://www.naukri.com/job-listings-web-developer-wns-holdings-gurgaon-gurugram-delhi-ncr-gurgaon-gurgaon-india-2-to-7-years-010223011115"")"
Web Developer,Aims Infosoft,"Jamnagar, Ahmedabad, Rajkot, Surat, Vadodara",Not disclosed,"=HYPERLINK(""https://www.naukri.com/job-listings-web-developer-aims-infosoft-jamnagar-ahmedabad-rajkot-surat-vadodara-baroda-1-to-2-years-150523500019"")"
Web Developer,Siemens,Gurgaon/Gurugram,Not disclosed,"=HYPERLINK(""https://www.naukri.com/job-listings-web-developer-siemens-limited-gurgaon-gurugram-3-to-5-years-060523500348"")"
Web Developer,Codnext It Services,"Noida, Delhi / NCR",Not disclosed,"=HYPERLINK(""https://www.naukri.com/job-listings-web-developer-codnext-it-services-noida-delhi-ncr-2-to-5-years-170523007275"")"
Web Developer,Maania Consultancy Services,Hyderabad/Secunderabad(Cyber Towers),2.5-6 Lacs PA,"=HYPERLINK(""https://www.naukri.com/job-listings-web-developer-maania-consultancy-services-hyderabad-secunderabad-2-to-4-years-170523000282"")"
Web Developer,DUN BRADSTREET INFORMATION SERVICES INDIA PRIVATE LIMITED,Mumbai,Not disclosed,"=HYPERLINK(""https://www.naukri.com/job-listings-web-developer-dun-bradstreet-information-services-india-private-limited-mumbai-6-to-8-years-100523501483"")"
"Web Developer, Web Desinging",Quickxpert Infotech,"Thane, Navi Mumbai, Mumbai (All Areas)",Not disclosed,"=HYPERLINK(""https://www.naukri.com/job-listings-web-developer-web-desinging-quickxpert-infotech-thane-navi-mumbai-mumbai-all-areas-0-to-5-years-010922000164"")"
Web Developer & Graphic Designer,Zelarsoft,Hyderabad/Secunderabad,Not disclosed,"=HYPERLINK(""https://www.naukri.com/job-listings-web-developer-graphic-designer-zelarsoft-pvt-ltd-hyderabad-secunderabad-1-to-5-years-110523502310"")"
PHP/WEB Developer,ANY Recharge Network,Hyderabad,Not disclosed,"=HYPERLINK(""https://www.naukri.com/job-listings-php-web-developer-any-recharge-network-hyderabad-secunderabad-0-to-2-years-110319500160"")"
Web Developer,Crest Foods,Chennai,Not disclosed,"=HYPERLINK(""https://www.naukri.com/job-listings-web-developer-crest-foods-chennai-2-to-5-years-200523003448"")"
Web Developer,Click2cloud Technology Services (i),Nagpur,Not disclosed,"=HYPERLINK(""https://www.naukri.com/job-listings-web-developer-click2cloud-technology-services-i-pvt-ltd-nagpur-2-to-7-years-120523502183"")"
Web Developer,Miranj,New Delhi,Not disclosed,"=HYPERLINK(""https://www.naukri.com/job-listings-web-developer-miranj-new-delhi-1-to-4-years-120523501877"")"
Web Developer,Codeholic It Services,Jabalpur,Not disclosed,"=HYPERLINK(""https://www.naukri.com/job-listings-web-developer-codeholic-it-services-jabalpur-2-to-4-years-120523501816"")"
Web Developer,Futurecalls Technology,Chennai,Not disclosed,"=HYPERLINK(""https://www.naukri.com/job-listings-web-developer-futurecalls-technology-private-limited-chennai-1-to-2-years-120523500112"")"
Web Developer,Urja Communications,Mumbai,Not disclosed,"=HYPERLINK(""https://www.naukri.com/job-listings-web-developer-urja-communications-mumbai-3-to-5-years-110523502543"")"
Web Developer,Soch Solutions,Pune,Not disclosed,"=HYPERLINK(""https://www.naukri.com/job-listings-web-developer-soch-solutions-pune-7-to-9-years-110523501969"")"
Web Developer - Work from Home,A Multinational Company engaged in Medical devices business in Malaysia,Remote,10-16 Lacs PA,"=HYPERLINK(""https://www.naukri.com/job-listings-web-developer-work-from-home-a-multinational-company-engaged-in-medical-devices-business-in-malaysia-bangalore-bengaluru-5-to-10-years-100523008273"")"
Web Developer,Indigi Consulting Solutions Pvt. Ltd,Guwahati,Not disclosed,"=HYPERLINK(""https://www.naukri.com/job-listings-web-developer-indigi-consulting-solutions-pvt-ltd-guwahati-1-to-4-years-090523501467"")"
Web Developer,COD Trees,Kolkata,Not disclosed,"=HYPERLINK(""https://www.naukri.com/job-listings-web-developer-cod-trees-kolkata-4-to-8-years-080523500501"")"
Web Developer,Outflow Media Opc,Bhuj,Not disclosed,"=HYPERLINK(""https://www.naukri.com/job-listings-web-developer-outflow-media-opc-pvt-ltd-bhuj-2-to-7-years-080523005525"")"
Web Developer,Klearnow,"Hybrid - Gurgaon/ Gurugram, Haryana",Not disclosed,"=HYPERLINK(""https://www.naukri.com/job-listings-web-developer-klearnow-gurgaon-gurugram-haryana-3-to-8-years-190523005616"")"
Web Developer,Jesper Apps Software Services,Hosur,Not disclosed,"=HYPERLINK(""https://www.naukri.com/job-listings-web-developer-jesper-apps-software-services-pvt-ltd-hosur-2-to-3-years-110523502174"")"
Web Developer,Jagtap Horticulture,Pune,2-3 Lacs PA,"=HYPERLINK(""https://www.naukri.com/job-listings-web-developer-jagtap-horticulture-pune-1-to-2-years-110523004034"")"
Web Developer,HAB Teq Technologies,Temp. WFH - Kochi/Cochin,Not disclosed,"=HYPERLINK(""https://www.naukri.com/job-listings-web-developer-hab-teq-technologies-kochi-cochin-2-to-4-years-090523003802"")"
Web Developer,Yes Hr Solutions,Noida,Not disclosed,"=HYPERLINK(""https://www.naukri.com/job-listings-web-developer-yes-hr-solutions-noida-1-to-3-years-120523501838"")"
Web Developer,Microcode Software Llp,New Delhi,Not disclosed,"=HYPERLINK(""https://www.naukri.com/job-listings-web-developer-microcode-software-llp-new-delhi-2-to-4-years-040523904993"")"
Web Developer,CIEL HR,"Chennai, Thoothukkudi/Tuticorin",2-3 Lacs PA,"=HYPERLINK(""https://www.naukri.com/job-listings-web-developer-ciel-hr-chennai-thoothukkudi-tuticorin-2-to-5-years-100523005699"")"
Web Developer,Recruiter Circle LLP,Mumbai,Not disclosed,"=HYPERLINK(""https://www.naukri.com/job-listings-web-developer-recruiter-circle-llp-mumbai-2-to-4-years-080523902088"")"
Web Developer,Growyder Plus Communication,"Varanasi, Bengaluru",Not disclosed,"=HYPERLINK(""https://www.naukri.com/job-listings-web-developer-growyder-plus-communication-varanasi-bengaluru-bangalore-0-to-1-years-070420500368"")"
Web Developer,Coding Spider Info Tech,Hubli,Not disclosed,"=HYPERLINK(""https://www.naukri.com/job-listings-web-developer-coding-spider-info-tech-private-limited-hubli-0-to-1-years-290722502145"")"
Web Developer,APS InfoTech,Nasik/Nashik,Not disclosed,"=HYPERLINK(""https://www.naukri.com/job-listings-web-developer-apsc-infotech-nasik-nashik-0-to-3-years-100123500838"")"
Web Developers,Native Infotect,Surat,Not disclosed,"=HYPERLINK(""https://www.naukri.com/job-listings-web-developers-native-infotect-surat-0-to-2-years-050421500651"")"
Web Developer,Pacific Development Corporation Limited,New Delhi,3.75-5 Lacs PA,"=HYPERLINK(""https://www.naukri.com/job-listings-web-developer-pacific-development-corporation-limited-new-delhi-3-to-5-years-120423005284"")"
AR/ Web AR Developer,Scaledge,Bangalore/Bengaluru,Not disclosed,"=HYPERLINK(""https://www.naukri.com/job-listings-ar-web-ar-developer-scaledge-bangalore-bengaluru-4-to-8-years-170523005823"")"
Web site developer,Praxis Leaders,Bangalore/Bengaluru,3-8 Lacs PA,"=HYPERLINK(""https://www.naukri.com/job-listings-web-site-developer-praxis-leaders-bangalore-bengaluru-3-to-8-years-170523005138"")"
SOFTWARE DEVELOPER AND WEB DEVELOPER,Pushkal It Solutions,Indore,Not disclosed,"=HYPERLINK(""https://www.naukri.com/job-listings-software-developer-and-web-developer-pushkal-it-solutions-indore-0-to-1-years-190220501321"")"
Web Developer,Unnati Informatics,Ahmedabad,Not disclosed,"=HYPERLINK(""https://www.naukri.com/job-listings-web-developer-unnati-informatics-ahmedabad-0-to-2-years-230821500993"")"
Web Developer Jquery/javascript,2coms,"Gurgaon/Gurugram, Gurgaon",1.5-6.5 Lacs PA,"=HYPERLINK(""https://www.naukri.com/job-listings-web-developer-jquery-javascript-2coms-gurgaon-gurugram-gurgaon-3-to-8-years-060523903385"")"
Web Developer,Notifyvisitors,Remote,Not disclosed,"=HYPERLINK(""https://www.naukri.com/job-listings-web-developer-notifyvisitors-new-delhi-2-to-5-years-160523006319"")"
Web Developer,Thakur Publication,Lucknow,1.5-2 Lacs PA,"=HYPERLINK(""https://www.naukri.com/job-listings-web-developer-thakur-publication-lucknow-1-to-2-years-160523003615"")"
Web Developer,Neuroflares,"Hybrid - Hassan, Mandya, Mysore/Mysuru",Not disclosed,"=HYPERLINK(""https://www.naukri.com/job-listings-web-developer-neuroflares-hassan-mandya-mysore-mysuru-2-to-5-years-150523005890"")"
Web Developer,G-rank,Hyderabad/Secunderabad,2-5 Lacs PA,"=HYPERLINK(""https://www.naukri.com/job-listings-web-developer-g-rank-hyderabad-secunderabad-1-to-4-years-160523005603"")"
PHP Web Developer,Diverse Lynx,Kolkata,Not disclosed,"=HYPERLINK(""https://www.naukri.com/job-listings-php-web-developer-diverse-lynx-kolkata-1-to-4-years-180320500763"")"
Opening For Web Developer,Techavera Solutions,"Noida, Ghaziabad, Delhi / NCR",2-4 Lacs PA,"=HYPERLINK(""https://www.naukri.com/job-listings-opening-for-web-developer-techavera-solutions-noida-ghaziabad-delhi-ncr-2-to-6-years-100523004777"")"
Web Developer,Good Life Placements (glp),"Faridabad, Haryana, Gurgaon/ Gurugram, Haryana, Delhi / NCR",4.75-5.5 Lacs PA,"=HYPERLINK(""https://www.naukri.com/job-listings-web-developer-good-life-placements-glp-faridabad-haryana-gurgaon-gurugram-haryana-delhi-ncr-2-to-6-years-180523010666"")"
Web Developer,Brucode Technologies,"Kolkata, Mohali, Mumbai, New Delhi, Hyderabad/Secunderabad, Pune, Chennai, Bangalore/Bengaluru",Not disclosed,"=HYPERLINK(""https://www.naukri.com/job-listings-web-developer-brucode-technologies-pvt-ltd-kolkata-mohali-mumbai-new-delhi-hyderabad-secunderabad-pune-chennai-bangalore-bengaluru-0-to-1-years-190820500306"")"
Web Developer,D'source,"Hyderabad/Secunderabad, Sinnar",Not disclosed,"=HYPERLINK(""https://www.naukri.com/job-listings-web-developer-d-source-hyderabad-secunderabad-sinnar-0-to-1-years-141122502948"")"
